zone,periode,indice,source
Hainaut,2023-T1,100.0,FICTIF - à remplacer par l'indice Statbel
Hainaut,2023-T2,100.8,FICTIF - à remplacer par l'indice Statbel
Hainaut,2023-T3,101.5,FICTIF - à remplacer par l'indice Statbel
Hainaut,2023-T4,101.9,FICTIF - à remplacer par l'indice Statbel
Hainaut,2024-T1,102.6,FICTIF - à remplacer par l'indice Statbel
Hainaut,2024-T2,103.5,FICTIF - à remplacer par l'indice Statbel
Hainaut,2024-T3,104.3,FICTIF - à remplacer par l'indice Statbel
Hainaut,2024-T4,104.9,FICTIF - à remplacer par l'indice Statbel
Hainaut,2025-T1,105.6,FICTIF - à remplacer par l'indice Statbel
Hainaut,2025-T2,106.6,FICTIF - à remplacer par l'indice Statbel
Hainaut,2025-T3,107.5,FICTIF - à remplacer par l'indice Statbel
Hainaut,2025-T4,108.1,FICTIF - à remplacer par l'indice Statbel
Hainaut,2026-T1,108.9,FICTIF - à remplacer par l'indice Statbel
Hainaut,2026-T2,109.8,FICTIF - à remplacer par l'indice Statbel
Hainaut,2026-T3,110.6,FICTIF - à remplacer par l'indice Statbel
