modele,variable,coefficient,erreur_type,t
annonce,constante,-7325.740692687113,6878.397746583013,-1.0650359229845827
annonce,surface_habitable,197.61960479800385,34.06248778480492,5.801678551681149
annonce,etat_a_renover,18146.166857486383,2372.344542992119,7.649043605866598
annonce,etat_a_restaurer,32871.509828699105,2931.1433953839155,11.214568990540178
annonce,saut_classes_peb,9511.331353804047,1316.8002322753234,7.223063241239897
annonce,facades,27.588740377697604,1375.8281491089365,0.020052461054504242
annonce,avant_1945,698.8342772095043,2100.6160435887728,0.33268063401800413
annonce,gamme_eco,-5787.045865226824,2271.0001558437443,-2.5482366658300664
annonce,gamme_premium,11998.057478758978,3367.1124394182257,3.5633076395963834
poste:chassis,cout_fixe,-121.52069566273761,495.7108420403917,-0.24514431672010073
poste:chassis,prix_unitaire,962.332603579662,47.917096948842364,20.08328268732714
poste:chassis,ajust_pu_eco,-153.94399660874373,28.644918032833125,-5.374216691152386
poste:chassis,ajust_pu_premium,202.69562623426768,44.817713871451396,4.522667684827707
poste:chassis,ajust_pu_avant_1945,36.28133343109047,26.299453320754832,1.379547057065943
poste:chauffage,cout_fixe,2987.4482331664385,483.2937108904022,6.1814341172834135
poste:chauffage,prix_unitaire,53.20583940669496,3.912476044001933,13.599019855536955
poste:chauffage,ajust_pu_eco,-9.448028436944634,1.9359594691300444,-4.880282148257093
poste:chauffage,ajust_pu_premium,22.00760182169629,3.3152825093393954,6.638228193132638
poste:chauffage,ajust_pu_avant_1945,2.48633700484186,1.8233822851672403,1.3635851489112245
poste:cuisine,cout_fixe,1127.4078458834992,307.24013627961995,3.6694679918298267
poste:cuisine,prix_unitaire,1301.165237087735,76.15084873342475,17.086680696660665
poste:cuisine,ajust_pu_eco,-223.40672646945427,39.383588877899236,-5.672584262497792
poste:cuisine,ajust_pu_premium,330.48654172812854,59.37868014942543,5.565744150871405
poste:cuisine,ajust_pu_avant_1945,-16.312867951548384,35.57684873301444,-0.4585248140994131
poste:electricite,cout_fixe,1781.3355150007533,464.2735060283719,3.836823535848921
poste:electricite,prix_unitaire,61.71810571990106,3.729325455185177,16.549401885558012
poste:electricite,ajust_pu_eco,-12.667566174700696,1.9325400649597237,-6.554878941133208
poste:electricite,ajust_pu_premium,25.49647387601767,2.5731874646665376,9.908517830946993
poste:electricite,ajust_pu_avant_1945,9.850719327592657,1.772969281061882,5.556057531742896
poste:humidite,cout_fixe,774.5714492035834,281.4687254452505,2.751891699435886
poste:humidite,prix_unitaire,126.37767312557958,11.056386167866867,11.43028754665521
poste:humidite,ajust_pu_eco,-24.794888205741817,6.719945435641339,-3.689745466419169
poste:humidite,ajust_pu_premium,51.19407320603881,11.55063324736937,4.4321442911104585
poste:humidite,ajust_pu_avant_1945,19.66296592395695,6.5679620428706995,2.9937697257706346
poste:isolation_toiture,cout_fixe,132.50468490708798,306.5169403998538,0.43229155535167013
poste:isolation_toiture,prix_unitaire,58.36465423616943,3.579956392312703,16.30317463125997
poste:isolation_toiture,ajust_pu_eco,-7.347264630479867,1.9779904891875444,-3.714509584673353
poste:isolation_toiture,ajust_pu_premium,11.594228286619057,3.5180385991748215,3.2956512442298265
poste:isolation_toiture,ajust_pu_avant_1945,1.3572821896332703,1.8856330715569682,0.719801858647166
poste:peinture_sols,cout_fixe,471.06934568399316,311.72432721804364,1.5111728683096701
poste:peinture_sols,prix_unitaire,58.32410177624682,2.512227779017744,23.216088231876398
poste:peinture_sols,ajust_pu_eco,-8.90903757556815,1.2977416294131519,-6.865031816538767
poste:peinture_sols,ajust_pu_premium,12.94630556679952,1.6595171123264476,7.801248610597527
poste:peinture_sols,ajust_pu_avant_1945,3.5748237948358046,1.1460546936749278,3.1192436229834803
poste:salle_de_bain,cout_fixe,3638.8708179792966,480.424245945609,7.574286370199704
poste:salle_de_bain,prix_unitaire,874.4962476092278,67.4787931433464,12.95957154644897
poste:salle_de_bain,ajust_pu_eco,-193.6297379407988,33.104994530995214,-5.848958463337279
poste:salle_de_bain,ajust_pu_premium,369.50205125056044,55.7591247811794,6.626754862107878
poste:salle_de_bain,ajust_pu_avant_1945,78.5034065179752,33.0155947430398,2.3777674498662464
poste:toiture,cout_fixe,3439.7023323832927,1189.095470264214,2.892704932783067
poste:toiture,prix_unitaire,191.86156937534204,15.582085395464427,12.312958407427825
poste:toiture,ajust_pu_eco,-45.79955488776972,7.887610423365285,-5.806518378760032
poste:toiture,ajust_pu_premium,51.670121238465484,9.449144683543992,5.468232625165616
poste:toiture,ajust_pu_avant_1945,16.462086413843878,7.363197956331661,2.2357250900321133
