code_postal,localite,commune
7000,Mons,Mons
7010,SHAPE,Mons
7011,Ghlin,Mons
7012,Jemappes,Mons
7012,Flénu,Mons
7020,Nimy,Mons
7020,Maisières,Mons
7021,Havré,Mons
7022,Hyon,Mons
7022,Mesvin,Mons
7022,Harmignies,Mons
7022,Harveng,Mons
7022,Nouvelles,Mons
7024,Ciply,Mons
7030,Saint-Symphorien,Mons
7031,Villers-Saint-Ghislain,Mons
7032,Spiennes,Mons
7033,Cuesmes,Mons
7034,Obourg,Mons
7034,Saint-Denis,Mons
7040,Quévy,Quévy
7040,Quévy-le-Grand,Quévy
7040,Quévy-le-Petit,Quévy
7041,Givry,Quévy
7041,Havay,Quévy
7050,Jurbise,Jurbise
7050,Erbisoeul,Jurbise
7050,Herchies,Jurbise
7050,Masnuy-Saint-Jean,Jurbise
7080,Frameries,Frameries
7080,Eugies,Frameries
7080,La Bouverie,Frameries
7080,Noirchain,Frameries
7080,Sars-la-Bruyère,Frameries
7300,Boussu,Boussu
7301,Hornu,Boussu
7330,Saint-Ghislain,Saint-Ghislain
7331,Baudour,Saint-Ghislain
7332,Neufmaison,Saint-Ghislain
7332,Sirault,Saint-Ghislain
7333,Tertre,Saint-Ghislain
7334,Hautrage,Saint-Ghislain
7334,Villerot,Saint-Ghislain
7340,Colfontaine,Colfontaine
7340,Wasmes,Colfontaine
7340,Pâturages,Colfontaine
7340,Warquignies,Colfontaine
7390,Quaregnon,Quaregnon
7390,Wasmuel,Quaregnon
