chantier_id,commune,surface_habitable,facades,annee_construction,etat_immoweb,peb_avant,peb_apres,gamme,cout_total_ttc
CH001,Nimy,93,4,1967,À rénover,G,F,standard,46250.0
CH002,Mons,135,2,1974,À rénover,G,D,standard,69050.0
CH003,Quévy,81,3,1955,À rénover,D,B,eco,38160.0
CH004,Saint-Ghislain,138,2,1911,À rénover,F,E,standard,52350.0
CH005,Havré,114,2,1932,À rafraîchir,E,B,eco,38250.0
CH006,Jurbise,144,2,2000,À rénover,F,D,eco,78100.0
CH007,Frameries,96,3,1939,À rafraîchir,G,E,standard,37850.0
CH008,Jemappes,171,2,1988,À rafraîchir,E,D,standard,25570.0
CH009,Jurbise,144,2,1959,À rafraîchir,F,C,eco,33550.0
CH010,Jurbise,200,3,1992,À rénover,F,C,standard,84140.0
CH011,Frameries,117,4,1911,À rénover,E,D,eco,41040.0
CH012,Mons,160,2,1991,À rafraîchir,G,F,premium,20430.0
CH013,Quévy,134,2,1931,À rénover,E,B,standard,45120.0
CH014,Saint-Ghislain,160,2,1973,À rafraîchir,D,B,eco,32500.0
CH015,Mons,173,3,1992,À rénover,D,B,eco,67150.0
CH016,Jurbise,141,4,1972,À restaurer,D,B,standard,57180.0
CH017,Colfontaine,113,3,1910,À rafraîchir,D,C,standard,24630.0
CH018,Jurbise,98,2,1966,À rénover,G,D,eco,50770.0
CH019,Jurbise,183,2,1919,À rénover,E,D,standard,72980.0
CH020,Havré,167,4,1993,À rénover,F,D,standard,72340.0
CH021,Cuesmes,138,3,1939,À rénover,D,B,eco,42720.0
CH022,Colfontaine,78,2,1959,À rafraîchir,F,C,eco,20210.0
CH023,Colfontaine,94,2,1959,À rénover,F,D,standard,64760.0
CH024,Quaregnon,184,2,1958,À rafraîchir,F,D,premium,63780.0
CH025,Saint-Ghislain,138,2,1919,À restaurer,D,B,standard,76530.0
CH026,Quaregnon,116,4,1916,À rénover,E,D,standard,26030.0
CH027,Nimy,161,2,1999,À rénover,G,E,eco,57120.0
CH028,Cuesmes,109,4,1989,À restaurer,G,E,standard,65720.0
CH029,Colfontaine,146,4,1914,À rafraîchir,F,E,standard,32530.0
CH030,Jurbise,133,2,1918,À rafraîchir,D,C,standard,29100.0
CH031,Quévy,97,2,1976,À rénover,E,C,standard,47470.0
CH032,Havré,125,4,1994,À rénover,F,E,eco,52510.0
CH033,Havré,107,3,1935,À rafraîchir,D,B,standard,41340.0
CH034,Cuesmes,113,4,1980,À rafraîchir,D,C,standard,24020.0
CH035,Havré,125,2,1965,À rénover,G,E,eco,72170.0
CH036,Frameries,112,2,1982,À rénover,F,D,eco,48510.0
CH037,Havré,154,4,1992,À rafraîchir,F,D,eco,47050.0
CH038,Ghlin,122,2,1911,À rafraîchir,E,B,standard,39850.0
CH039,Saint-Ghislain,94,3,1915,À restaurer,E,B,eco,49950.0
CH040,Ghlin,151,4,1937,À rénover,E,B,standard,63910.0
CH041,Nimy,114,2,1974,À rafraîchir,E,B,standard,56460.0
CH042,Jemappes,99,4,1988,À rénover,G,D,standard,54950.0
CH043,Jemappes,131,2,1973,À rafraîchir,G,D,eco,39840.0
CH044,Mons,158,2,1913,À rénover,E,B,standard,68620.0
CH045,Ghlin,117,4,1980,À rafraîchir,G,E,eco,32800.0
CH046,Ghlin,108,2,1931,À rafraîchir,G,D,premium,69560.0
CH047,Quaregnon,150,3,1913,À rénover,E,D,premium,62980.0
CH048,Jemappes,193,2,1969,À rafraîchir,G,F,premium,41890.0
CH049,Havré,108,4,1955,À restaurer,F,E,standard,61550.0
CH050,Mons,148,2,1913,À rénover,F,E,standard,50120.0
CH051,Nimy,70,2,1950,À rénover,D,B,standard,38400.0
CH052,Cuesmes,114,2,1979,À rénover,G,F,standard,54780.0
CH053,Colfontaine,139,3,1993,À restaurer,F,D,standard,72870.0
CH054,Saint-Ghislain,113,2,1996,À rénover,G,F,standard,25690.0
CH055,Jurbise,97,4,1965,À rénover,D,C,eco,45010.0
CH056,Havré,99,2,1939,À rénover,G,D,standard,51000.0
CH057,Colfontaine,168,3,1910,À rénover,G,F,premium,56950.0
CH058,Quévy,86,2,1935,À rénover,D,B,eco,43250.0
CH059,Nimy,134,3,1977,À rénover,G,E,eco,53820.0
CH060,Jurbise,160,2,1954,À rénover,E,C,standard,37320.0
CH061,Nimy,77,2,1987,À rafraîchir,E,D,standard,23710.0
CH062,Cuesmes,135,2,1983,À rénover,D,C,standard,67640.0
CH063,Ghlin,92,3,1919,À rafraîchir,F,E,eco,32400.0
CH064,Cuesmes,160,4,1991,À rénover,G,F,eco,30730.0
CH065,Quaregnon,119,3,1992,À rénover,F,E,standard,33540.0
CH066,Cuesmes,77,4,1932,À rénover,E,B,standard,48650.0
CH067,Quaregnon,72,2,1999,À rafraîchir,F,C,standard,29110.0
CH068,Nimy,182,2,1915,À rafraîchir,F,C,standard,45720.0
CH069,Quévy,107,3,1937,À restaurer,F,E,premium,76150.0
CH070,Jemappes,176,3,1994,À rénover,F,D,standard,53240.0
CH071,Frameries,123,2,1974,À rafraîchir,E,D,eco,27130.0
CH072,Havré,144,4,1939,À rafraîchir,E,D,premium,33280.0
CH073,Jurbise,91,2,1931,À rénover,F,E,eco,47100.0
CH074,Mons,93,2,1939,À rénover,E,C,eco,26860.0
CH075,Havré,108,2,1986,À restaurer,D,C,premium,62060.0
CH076,Saint-Ghislain,89,4,1965,À rénover,E,C,eco,21590.0
CH077,Colfontaine,185,3,1935,À rafraîchir,G,E,standard,45950.0
CH078,Jurbise,128,3,1933,À rafraîchir,D,B,eco,38360.0
CH079,Mons,122,4,2002,À rénover,E,D,standard,29130.0
CH080,Quaregnon,101,2,1959,À rénover,G,F,eco,40440.0
CH081,Ghlin,91,2,1952,À restaurer,D,B,standard,55590.0
CH082,Ghlin,86,2,1930,À rafraîchir,E,C,eco,20690.0
CH083,Mons,70,4,1978,À restaurer,D,C,eco,45960.0
CH084,Quaregnon,109,2,1976,À rénover,E,B,standard,64790.0
CH085,Jemappes,145,2,1913,À rénover,D,B,standard,57720.0
CH086,Havré,70,4,1968,À rénover,G,E,standard,57040.0
CH087,Colfontaine,163,2,1956,À restaurer,D,B,standard,63250.0
CH088,Jurbise,97,2,2003,À rénover,F,D,standard,45220.0
CH089,Nimy,139,2,1911,À rafraîchir,F,C,premium,77080.0
CH090,Havré,138,2,1974,À rafraîchir,F,E,eco,31660.0
CH091,Quaregnon,137,2,1956,À rafraîchir,F,D,standard,34380.0
CH092,Quévy,169,3,1935,À rafraîchir,F,E,premium,45600.0
CH093,Cuesmes,114,3,1956,À restaurer,D,B,standard,60990.0
CH094,Quaregnon,158,3,1999,À rénover,E,D,standard,34160.0
CH095,Havré,73,3,1975,À rénover,F,C,standard,46720.0
CH096,Ghlin,142,3,1939,À restaurer,G,D,eco,55750.0
CH097,Jemappes,112,4,1991,À restaurer,G,F,standard,67540.0
CH098,Quaregnon,108,3,1916,À restaurer,E,D,eco,58070.0
CH099,Nimy,145,2,1938,À rafraîchir,E,D,standard,19740.0
CH100,Frameries,123,2,1916,À rénover,F,C,standard,60740.0
CH101,Cuesmes,193,2,1953,À rafraîchir,G,E,standard,51150.0
CH102,Quévy,76,2,1989,À restaurer,E,C,eco,46330.0
CH103,Quévy,171,2,1956,À restaurer,F,E,eco,49690.0
CH104,Cuesmes,109,3,2003,À rafraîchir,E,D,eco,27070.0
CH105,Quévy,145,2,1935,À rafraîchir,E,C,standard,31470.0
CH106,Jurbise,166,3,1973,À rénover,F,D,premium,55700.0
CH107,Havré,128,2,1917,À rénover,F,E,standard,49550.0
CH108,Saint-Ghislain,144,2,1936,À rafraîchir,F,E,eco,55620.0
CH109,Frameries,104,3,1938,À rafraîchir,F,D,standard,48150.0
CH110,Mons,169,3,1989,À restaurer,E,C,standard,88560.0
CH111,Quaregnon,147,3,1934,À rénover,G,F,eco,41230.0
CH112,Nimy,146,3,1974,À rafraîchir,D,B,standard,51120.0
CH113,Cuesmes,142,2,1935,À restaurer,D,B,eco,50230.0
CH114,Saint-Ghislain,105,2,1951,À rénover,F,E,standard,54800.0
CH115,Quaregnon,103,2,1967,À rafraîchir,G,D,standard,39970.0
CH116,Nimy,131,3,1932,À restaurer,F,C,eco,73950.0
CH117,Colfontaine,128,2,1968,À restaurer,G,F,standard,56380.0
CH118,Frameries,149,2,1995,À rénover,F,C,premium,105510.0
CH119,Cuesmes,99,3,1965,À rafraîchir,E,B,standard,42880.0
CH120,Mons,90,2,1990,À rénover,D,C,standard,44170.0
CH121,Havré,110,2,1995,À rafraîchir,G,D,standard,43150.0
CH122,Mons,148,2,1930,À rénover,E,C,standard,68750.0
CH123,Frameries,119,3,1936,À rénover,E,D,standard,49820.0
CH124,Ghlin,98,4,1931,À restaurer,F,E,standard,54590.0
CH125,Colfontaine,156,3,1971,À rafraîchir,F,C,standard,80460.0
CH126,Ghlin,75,2,1911,À rénover,E,B,eco,30000.0
CH127,Mons,130,4,1955,À restaurer,G,F,eco,43290.0
CH128,Mons,102,3,1953,À rénover,F,E,standard,46440.0
CH129,Ghlin,140,3,1932,À restaurer,F,C,premium,116480.0
CH130,Havré,116,2,1936,À rafraîchir,E,C,standard,37450.0
CH131,Mons,123,3,1933,À rénover,E,D,standard,50090.0
CH132,Frameries,124,3,1968,À rafraîchir,E,D,premium,8740.0
CH133,Saint-Ghislain,87,3,1972,À restaurer,F,E,eco,45960.0
CH134,Mons,181,3,1997,À rafraîchir,G,D,standard,58060.0
CH135,Havré,183,3,1937,À rafraîchir,E,C,standard,41230.0
CH136,Frameries,70,3,1969,À restaurer,F,E,eco,51800.0
CH137,Quévy,129,2,1984,À restaurer,E,C,standard,73470.0
CH138,Colfontaine,171,3,1936,À restaurer,E,B,premium,153180.0
CH139,Havré,87,2,1930,À rénover,G,D,eco,42550.0
CH140,Quévy,165,3,1937,À restaurer,D,C,eco,65300.0
CH141,Jurbise,117,3,1930,À rafraîchir,F,C,standard,31980.0
CH142,Quévy,122,4,1987,À rénover,F,D,eco,55410.0
CH143,Mons,139,4,1911,À rafraîchir,E,B,eco,32820.0
CH144,Jurbise,85,4,1989,À restaurer,F,E,premium,61320.0
CH145,Colfontaine,153,3,1918,À restaurer,D,B,standard,86580.0
CH146,Colfontaine,116,3,1933,À rénover,F,C,standard,67290.0
CH147,Colfontaine,96,2,1950,À rénover,F,E,standard,46740.0
CH148,Havré,102,3,1952,À rafraîchir,G,D,standard,55220.0
CH149,Havré,132,2,1990,À rénover,E,D,eco,39080.0
CH150,Frameries,84,2,1988,À rafraîchir,D,C,premium,7040.0
